{
  "Default": {
    "x": [
      0.0,
      64.0,
      192.0,
      255.0
    ],
    "y": [
      0.0,
      0.3,
      0.6,
      1.0
    ],
    "colors": [
      [
        1.0,
        1.0,
        1.0
      ],
      [
        1.0,
        1.0,
        1.0
      ],
      [
        1.0,
        1.0,
        1.0
      ],
      [
        1.0,
        1.0,
        1.0
      ]
    ]
  },
  "New blue": {
    "x": [
      0.0,
      51.94108069604151,
      66.12648824666734,
      78.75496082222448,
      201.5798310776432,
      255.0
    ],
    "y": [
      0.0,
      0.0025974025974025983,
      0.41298701298701296,
      0.025974025974025983,
      0.4805194805194805,
      1.0
    ],
    "colors": [
      [
        1.0,
        1.0,
        1.0
      ],
      [
        1.0,
        1.0,
        1.0
      ],
      [
        0.0,
        0.6666666666666666,
        1.0
      ],
      [
        1.0,
        1.0,
        1.0
      ],
      [
        1.0,
        1.0,
        1.0
      ],
      [
        1.0,
        1.0,
        1.0
      ]
    ]
  },
  "Yellow teeth": {
    "x": [
      0.0,
      51.94108069604151,
      75.58269046868965,
      97.16543655494976,
      156.5196779537528,
      183.6842374845525,
      255.0
    ],
    "y": [
      0.0,
      0.0025974025974025983,
      0.05974025974025976,
      0.42337662337662335,
      0.23896103896103899,
      0.5402597402597402,
      1.0
    ],
    "colors": [
      [
        1.0,
        1.0,
        1.0
      ],
      [
        1.0,
        1.0,
        1.0
      ],
      [
        0.0,
        0.6666666666666666,
        1.0
      ],
      [
        1.0,
        1.0,
        1.0
      ],
      [
        1.0,
        1.0,
        1.0
      ],
      [
        1.0,
        1.0,
        0.0
      ],
      [
        1.0,
        1.0,
        1.0
      ]
    ]
  },
  "Only hair": {
    "x": [
      0.0,
      9.350747869916983,
      10.243833107810532,
      12.218006319032373,
      18.993059544943662,
      182.29993714231412,
      255.0
    ],
    "y": [
      0.0,
      0.0,
      0.45391996391667827,
      0.001466587293301319,
      0.0,
      0.0,
      1.0
    ],
    "colors": [
      [
        1.0,
        1.0,
        1.0
      ],
      [
        1.0,
        1.0,
        1.0
      ],
      [
        0.0,
        0.6666666666666666,
        1.0
      ],
      [
        0.0,
        0.6666666666666666,
        1.0
      ],
      [
        1.0,
        1.0,
        1.0
      ],
      [
        1.0,
        1.0,
        1.0
      ],
      [
        1.0,
        1.0,
        1.0
      ]
    ]
  },
  "Bones": {
    "x": [
      0.0,
      5.5790169939961345,
      14.228655744377733,
      59.27371264357158,
      60.41699614425482,
      61.3404174332682,
      62.131921395279676,
      63.05534268429306,
      64.9461577046538,
      66.5731380710107,
      71.71791382408529,
      74.4389422606124,
      255.0
    ],
    "y": [
      0.0025974025974025983,
      0.0,
      0.0,
      0.0,
      0.0,
      0.0,
      0.0,
      0.0,
      0.0,
      0.0,
      0.0,
      0.390777854975386,
      0.0987012987012987
    ],
    "colors": [
      [
        1.0,
        1.0,
        1.0
      ],
      [
        1.0,
        1.0,
        1.0
      ],
      [
        1.0,
        1.0,
        1.0
      ],
      [
        1.0,
        1.0,
        1.0
      ],
      [
        1.0,
        1.0,
        1.0
      ],
      [
        1.0,
        1.0,
        1.0
      ],
      [
        1.0,
        1.0,
        1.0
      ],
      [
        1.0,
        1.0,
        1.0
      ],
      [
        1.0,
        1.0,
        1.0
      ],
      [
        1.0,
        1.0,
        1.0
      ],
      [
        1.0,
        1.0,
        1.0
      ],
      [
        1.0,
        1.0,
        1.0
      ],
      [
        1.0,
        1.0,
        1.0
      ]
    ]
  },
  "yellow skeleton": {
    "x": [
      0.0,
      51.94108069604151,
      75.58269046868965,
      97.16543655494976,
      139.83870967741936,
      156.5196779537528,
      255.0
    ],
    "y": [
      0.0,
      0.0025974025974025983,
      0.05974025974025976,
      0.42337662337662335,
      0.9289824099950681,
      0.23896103896103899,
      1.0
    ],
    "colors": [
      [
        1.0,
        1.0,
        1.0
      ],
      [
        1.0,
        1.0,
        1.0
      ],
      [
        0.0,
        0.6666666666666666,
        1.0
      ],
      [
        1.0,
        1.0,
        1.0
      ],
      [
        1.0,
        1.0,
        0.0
      ],
      [
        1.0,
        1.0,
        1.0
      ],
      [
        1.0,
        1.0,
        1.0
      ]
    ]
  },
  "Saved widget": {
    "x": [
      0.0,
      51.94108069604151,
      66.12648824666734,
      78.75496082222448,
      201.5798310776432,
      255.0
    ],
    "y": [
      0.0,
      0.0025974025974025983,
      0.41298701298701296,
      0.025974025974025983,
      0.4805194805194805,
      1.0
    ],
    "colors": [
      [
        1.0,
        1.0,
        1.0
      ],
      [
        1.0,
        1.0,
        1.0
      ],
      [
        0.0,
        0.6666666666666666,
        1.0
      ],
      [
        1.0,
        1.0,
        1.0
      ],
      [
        1.0,
        1.0,
        1.0
      ],
      [
        1.0,
        1.0,
        1.0
      ]
    ]
  },
  "Saved widget2": {
    "x": [
      0.0,
      51.94108069604151,
      66.12648824666734,
      78.75496082222448,
      201.5798310776432,
      255.0
    ],
    "y": [
      0.0,
      0.0025974025974025983,
      0.41298701298701296,
      0.025974025974025983,
      0.4805194805194805,
      1.0
    ],
    "colors": [
      [
        1.0,
        1.0,
        1.0
      ],
      [
        1.0,
        1.0,
        1.0
      ],
      [
        0.0,
        0.6666666666666666,
        1.0
      ],
      [
        1.0,
        1.0,
        1.0
      ],
      [
        1.0,
        1.0,
        1.0
      ],
      [
        1.0,
        1.0,
        1.0
      ]
    ]
  },
  "Saved TF3": {
    "x": [
      0.0,
      51.94108069604151,
      66.12648824666734,
      78.75496082222448,
      201.5798310776432,
      255.0
    ],
    "y": [
      0.0,
      0.0025974025974025983,
      0.41298701298701296,
      0.025974025974025983,
      0.4805194805194805,
      1.0
    ],
    "colors": [
      [
        1.0,
        1.0,
        1.0
      ],
      [
        1.0,
        1.0,
        1.0
      ],
      [
        0.0,
        0.6666666666666666,
        1.0
      ],
      [
        1.0,
        1.0,
        1.0
      ],
      [
        1.0,
        1.0,
        1.0
      ],
      [
        1.0,
        1.0,
        1.0
      ]
    ]
  }
}